,City,Country,Latitude,Longitude,Cloudiness (%),Humidity (%),Max Temp (F),Wind Speed (mph),Date
0,mar del plata,AR,-38.0023,-57.5575,7.0,81.0,46.94,4.0,1652598071.0
1,castro,BR,-24.7911,-50.0119,100.0,98.0,54.59,2.89,1652598207.0
2,taolanaro,,,,,,,,
3,hilo,US,19.7297,-155.09,77.0,98.0,72.28,1.99,1652598038.0
4,rikitea,PF,-23.1203,-134.9692,100.0,72.0,75.83,20.85,1652598150.0
5,hermanus,ZA,-34.4187,19.2345,0.0,71.0,53.8,7.49,1652598243.0
6,preobrazheniye,RU,42.9019,133.9064,23.0,57.0,52.84,16.75,1652598244.0
7,albany,US,42.6001,-73.9662,100.0,93.0,65.17,3.0,1652598040.0
8,atuona,PF,-9.8,-139.0333,63.0,78.0,78.39,18.43,1652598244.0
9,hasaki,JP,35.7333,140.8333,100.0,53.0,64.8,12.19,1652598245.0
10,kyzyl-suu,KG,42.3414,78.0056,100.0,80.0,52.54,3.29,1652598245.0
11,valparaiso,CL,-33.0393,-71.6273,0.0,82.0,52.48,4.61,1652598246.0
12,siayan,PH,8.2667,123.1,100.0,79.0,81.7,2.77,1652598246.0
13,altamira,BR,-3.2033,-52.2064,100.0,99.0,71.92,2.33,1652598247.0
14,sao jose da coroa grande,BR,-8.8978,-35.1478,39.0,86.0,76.78,6.73,1652598247.0
15,qaanaaq,GL,77.484,-69.3632,99.0,70.0,16.72,7.05,1652598248.0
16,tazovskiy,RU,67.4667,78.7,100.0,100.0,40.62,10.13,1652598248.0
17,chuy,UY,-33.6971,-53.4616,100.0,93.0,56.68,8.25,1652598249.0
18,tsihombe,,,,,,,,
19,aketi,CD,2.7388,23.7833,80.0,71.0,78.44,1.36,1652598250.0
20,khatanga,RU,71.9667,102.5,100.0,100.0,34.05,11.12,1652598250.0
21,paradwip,,,,,,,,
22,manado,ID,1.487,124.8455,40.0,66.0,90.37,4.61,1652598251.0
23,vaini,TO,-21.2,-175.2,75.0,83.0,69.96,4.61,1652598251.0
24,kapaa,US,22.0752,-159.319,75.0,83.0,78.78,11.5,1652598252.0
25,hobart,AU,-42.8794,147.3294,75.0,81.0,57.06,21.85,1652598009.0
26,barrow,US,71.2906,-156.7887,0.0,86.0,23.02,16.11,1652598253.0
27,mandan,US,46.8267,-100.8896,0.0,66.0,49.8,9.22,1652598253.0
28,provideniya,RU,64.3833,-173.3,100.0,91.0,36.37,8.59,1652598254.0
29,fairbanks,US,64.8378,-147.7164,40.0,63.0,44.94,9.22,1652598254.0
30,jamestown,US,42.097,-79.2353,0.0,94.0,62.02,6.91,1652598255.0
31,puerto ayora,EC,-0.7393,-90.3518,100.0,97.0,71.55,5.26,1652598255.0
32,barentsburg,,,,,,,,
33,bolshegrivskoye,,,,,,,,
34,punta arenas,CL,-53.15,-70.9167,30.0,93.0,37.11,4.63,1652598256.0
35,san quintin,MX,30.4833,-115.95,0.0,78.0,61.88,5.57,1652598257.0
36,pineville,US,31.3224,-92.4343,0.0,84.0,75.09,0.0,1652598257.0
37,bulgan,MN,48.8125,103.5347,10.0,13.0,68.13,8.66,1652598258.0
38,vardo,NO,70.3705,31.1107,100.0,93.0,39.18,4.61,1652598258.0
39,atkinson,US,42.8384,-71.147,100.0,87.0,68.09,1.01,1652598003.0
40,mahebourg,MU,-20.4081,57.7,36.0,74.0,81.25,11.99,1652598259.0
41,tuktoyaktuk,CA,69.4541,-133.0374,34.0,86.0,24.76,6.85,1652598201.0
42,georgetown,MY,5.4112,100.3354,20.0,74.0,89.53,7.0,1652597967.0
43,walvis bay,NA,-22.9575,14.5053,0.0,62.0,62.62,4.45,1652598260.0
44,mataura,NZ,-46.1927,168.8643,8.0,96.0,46.47,2.51,1652598260.0
45,bonthe,SL,7.5264,-12.505,25.0,87.0,76.35,3.76,1652598261.0
46,celestun,MX,20.8667,-90.4,0.0,84.0,73.44,12.3,1652598261.0
47,binika,IN,21.0333,83.8,16.0,21.0,110.44,5.73,1652598262.0
48,yellowknife,CA,62.456,-114.3525,100.0,52.0,44.56,13.0,1652598087.0
49,taltal,CL,-25.4,-70.4833,53.0,79.0,58.73,0.85,1652598263.0
50,busselton,AU,-33.65,115.3333,100.0,56.0,61.66,9.22,1652598263.0
51,nikolskoye,RU,59.7035,30.7861,74.0,71.0,52.79,9.26,1652598264.0
52,kodiak,US,57.79,-152.4072,75.0,46.0,45.91,6.91,1652598264.0
53,new smyrna beach,US,29.0258,-80.927,6.0,90.0,72.12,5.93,1652598265.0
54,bethel,US,41.3712,-73.414,100.0,92.0,64.49,4.61,1652598265.0
55,puerto madero,MX,14.7208,-92.4215,75.0,100.0,77.2,0.0,1652598266.0
56,necochea,AR,-38.5473,-58.7368,100.0,72.0,48.79,15.61,1652598006.0
57,itacoatiara,BR,-3.1431,-58.4442,100.0,98.0,74.17,2.3,1652598266.0
58,casablanca,MA,33.5928,-7.6192,46.0,82.0,64.62,3.49,1652598216.0
59,port alfred,ZA,-33.5906,26.891,0.0,72.0,63.54,6.06,1652598267.0
60,plainfield,US,40.6168,-74.4173,100.0,98.0,65.64,0.0,1652598268.0
61,meadow lake,US,34.8014,-106.5436,0.0,14.0,67.68,3.98,1652598268.0
62,sovetskiy,RU,61.3614,63.5842,96.0,53.0,58.32,11.52,1652598269.0
63,elat,IL,29.5581,34.9482,20.0,30.0,84.04,13.8,1652598269.0
64,ribeira grande,PT,38.5167,-28.7,75.0,88.0,55.8,18.41,1652598270.0
65,grand river south east,,,,,,,,
66,nchelenge,ZM,-9.3451,28.734,13.0,63.0,68.04,7.47,1652598271.0
67,chitrakonda,IN,18.1167,82.0833,11.0,25.0,104.29,3.69,1652598271.0
68,gurgan,,,,,,,,
69,ushuaia,AR,-54.8,-68.3,1.0,83.0,37.72,2.42,1652598085.0
70,nioro,GM,13.35,-15.75,5.0,69.0,75.02,4.21,1652598272.0
71,lata,PT,40.1629,-8.3327,100.0,89.0,60.93,4.83,1652598272.0
72,guerrero negro,MX,27.9769,-114.0611,10.0,82.0,61.2,8.93,1652598273.0
73,ola,RU,59.5833,151.2833,100.0,83.0,40.96,30.71,1652598273.0
74,deputatskiy,RU,69.3,139.9,100.0,86.0,21.49,7.78,1652598274.0
75,saint-philippe,RE,-21.3585,55.7679,96.0,79.0,80.19,8.3,1652598274.0
76,wasilla,US,61.5814,-149.4394,0.0,49.0,49.15,6.91,1652598275.0
77,cape town,ZA,-33.9258,18.4232,0.0,82.0,59.92,8.99,1652598275.0
78,te anau,NZ,-45.4167,167.7167,100.0,90.0,48.56,0.87,1652598276.0
79,arlit,NE,18.7369,7.3853,0.0,14.0,88.2,11.34,1652598277.0
80,jishui,CN,33.7333,115.4,100.0,17.0,80.46,6.35,1652598277.0
81,erzin,TR,36.9559,36.2,100.0,78.0,68.05,4.61,1652598278.0
82,dingle,PH,10.9995,122.6711,100.0,67.0,86.36,6.91,1652598278.0
83,esperance,AU,-33.8667,121.9,100.0,71.0,57.04,11.1,1652598279.0
84,port elizabeth,ZA,-33.918,25.5701,0.0,79.0,62.31,3.0,1652598279.0
85,iqaluit,CA,63.7506,-68.5145,79.0,97.0,5.88,4.63,1652598280.0
86,hofn,IS,64.2539,-15.2082,100.0,87.0,42.89,14.81,1652598280.0
87,sungaipenuh,ID,-2.0833,101.3833,80.0,82.0,75.83,2.66,1652598281.0
88,arraial do cabo,BR,-22.9661,-42.0278,83.0,75.0,72.19,18.21,1652598281.0
89,lana,IT,46.6124,11.1559,10.0,67.0,66.4,1.77,1652598282.0
90,khromtau,KZ,50.2503,58.4347,100.0,87.0,56.34,18.34,1652598282.0
91,choya,RU,52.0108,86.5467,100.0,17.0,85.03,5.68,1652598283.0
92,chokurdakh,RU,70.6333,147.9167,96.0,88.0,22.69,4.16,1652598283.0
93,newport,GB,51.5877,-2.9984,100.0,86.0,57.63,1.01,1652598284.0
94,namibe,AO,-15.1961,12.1522,1.0,57.0,74.34,1.5,1652598284.0
95,hommelvik,NO,63.4108,10.7942,75.0,78.0,44.56,17.27,1652598285.0
96,saint-pierre,RE,-21.3393,55.4781,0.0,57.0,80.28,17.27,1652598285.0
97,itoman,JP,26.1247,127.6694,75.0,83.0,71.98,20.71,1652598286.0
98,cabo san lucas,MX,22.8909,-109.9124,100.0,57.0,76.6,8.81,1652598001.0
99,bouza,NE,14.4229,6.0428,14.0,18.0,86.54,7.0,1652598287.0
100,usinsk,RU,65.9939,57.5281,27.0,65.0,52.45,6.17,1652598287.0
101,sitka,US,57.0531,-135.33,75.0,76.0,46.29,0.0,1652598288.0
102,geraldton,AU,-28.7667,114.6,100.0,56.0,73.81,6.91,1652598288.0
103,ancud,CL,-41.8697,-73.8203,0.0,89.0,43.93,8.21,1652598289.0
104,bredasdorp,ZA,-34.5322,20.0403,0.0,72.0,56.19,3.51,1652598289.0
105,marin,US,38.0666,-122.7344,0.0,85.0,60.82,1.01,1652598290.0
106,nizhneyansk,,,,,,,,
107,satitoa,,,,,,,,
108,birmitrapur,IN,22.4,84.7667,8.0,16.0,112.17,13.0,1652598291.0
109,haines junction,CA,60.7522,-137.5108,100.0,98.0,34.0,3.47,1652598291.0
110,alugan,PH,12.2188,125.4808,85.0,74.0,84.0,13.31,1652598292.0
111,sentyabrskiy,,,,,,,,
112,aitape,PG,-3.1374,142.3475,48.0,73.0,83.5,4.14,1652598292.0
113,dikson,RU,73.5069,80.5464,100.0,98.0,33.13,5.08,1652598293.0
114,espana,PH,12.3841,122.499,98.0,74.0,83.41,5.79,1652598293.0
115,belushya guba,,,,,,,,
116,aguimes,ES,27.9054,-15.4461,20.0,67.0,63.66,5.75,1652598294.0
117,amderma,,,,,,,,
118,barra patuca,HN,15.8,-84.2833,6.0,85.0,77.16,4.38,1652598295.0
119,kaitangata,NZ,-46.2817,169.8464,48.0,88.0,46.33,2.42,1652598295.0
120,saskylakh,RU,71.9167,114.0833,100.0,100.0,33.84,8.3,1652598296.0
121,araceli,PH,10.5529,119.9913,89.0,75.0,83.98,7.72,1652598296.0
122,baruun-urt,MN,46.6806,113.2792,100.0,19.0,64.08,18.54,1652598072.0
123,nelson bay,AU,-32.7167,152.15,100.0,91.0,73.99,8.14,1652598004.0
124,hovd,MN,48.0056,91.6419,1.0,10.0,69.87,9.28,1652598297.0
125,rudbar,AF,30.15,62.6,0.0,18.0,81.72,18.59,1652598298.0
126,adrar,MR,20.5022,-10.0711,5.0,12.0,81.97,9.06,1652598298.0
127,souillac,MU,-20.5167,57.5167,66.0,75.0,76.42,10.85,1652598299.0
128,port hardy,CA,50.6996,-127.4199,100.0,90.0,47.64,11.79,1652598223.0
129,portlethen,GB,57.0547,-2.1307,11.0,85.0,53.82,2.3,1652598299.0
130,vaitupu,,,,,,,,
131,narsaq,GL,60.9167,-46.05,100.0,54.0,35.82,5.46,1652598300.0
132,kawana waters,,,,,,,,
133,fortuna,US,40.5982,-124.1573,100.0,95.0,56.93,0.0,1652598301.0
134,illoqqortoormiut,,,,,,,,
135,cidreira,BR,-30.1811,-50.2056,80.0,95.0,62.08,5.99,1652598302.0
136,tura,IN,25.5198,90.2201,98.0,89.0,79.18,6.89,1652598302.0
137,abu samrah,SY,35.3029,37.1841,6.0,22.0,84.49,22.86,1652598303.0
138,antofagasta,CL,-23.65,-70.4,43.0,80.0,56.48,4.14,1652598303.0
139,talnakh,RU,69.4865,88.3972,100.0,100.0,38.95,8.63,1652598304.0
140,kuryk,KZ,43.2,51.65,2.0,70.0,64.18,15.01,1652598304.0
141,tuntum,BR,-5.2581,-44.6489,100.0,98.0,72.68,2.75,1652598305.0
142,carnarvon,AU,-24.8667,113.6333,0.0,29.0,75.45,13.58,1652598305.0
143,lashio,MM,22.9333,97.75,27.0,51.0,87.42,0.4,1652598306.0
144,new norfolk,AU,-42.7826,147.0587,100.0,80.0,56.7,6.22,1652598306.0
145,asau,RO,46.4333,26.4,21.0,38.0,67.95,3.29,1652598307.0
146,tautira,PF,-17.7333,-149.15,20.0,78.0,79.54,10.89,1652598085.0
147,palencia,ES,42.4167,-4.5,1.0,79.0,59.79,10.8,1652598140.0
148,najran,SA,17.4924,44.1277,0.0,9.0,85.28,13.67,1652598308.0
149,meyungs,,,,,,,,
150,thompson,CA,55.7435,-97.8558,100.0,100.0,39.36,2.3,1652598239.0
151,pevek,RU,69.7008,170.3133,58.0,81.0,25.5,11.41,1652598309.0
152,comodoro rivadavia,AR,-45.8667,-67.5,0.0,65.0,40.86,4.61,1652598309.0
153,severo-kurilsk,RU,50.6789,156.125,100.0,96.0,36.75,25.43,1652598310.0
154,cutzamala,,,,,,,,
155,shimoda,JP,34.6667,138.95,98.0,77.0,65.1,8.99,1652598310.0
156,victoria,HK,22.2855,114.1577,100.0,87.0,80.65,1.99,1652598140.0
157,portland,US,45.5234,-122.6762,100.0,83.0,61.39,4.0,1652598254.0
158,port-gentil,GA,-0.7193,8.7815,75.0,89.0,80.56,6.91,1652598311.0
159,bluff,NZ,-46.6,168.3333,29.0,79.0,46.8,8.01,1652598312.0
160,upernavik,GL,72.7868,-56.1549,9.0,88.0,5.18,4.47,1652598312.0
161,kutum,SD,14.2,24.6667,58.0,26.0,86.45,9.13,1652598313.0
162,mabaruma,GY,8.2,-59.7833,100.0,97.0,72.86,1.32,1652598313.0
163,emba,KZ,48.8264,58.1442,100.0,58.0,63.57,18.39,1652598314.0
164,malindi,KE,-3.2175,40.1191,81.0,67.0,82.85,13.62,1652598314.0
165,masvingo,ZW,-20.0637,30.8277,0.0,44.0,68.79,11.79,1652598315.0
166,abensberg,DE,48.8167,11.85,18.0,66.0,62.58,4.88,1652598315.0
167,coihaique,CL,-45.5752,-72.0662,40.0,100.0,26.55,1.14,1652598316.0
168,khorixas,NA,-20.3667,14.9667,0.0,26.0,71.67,13.78,1652598316.0
169,los llanos de aridane,ES,28.6585,-17.9182,40.0,73.0,62.35,8.01,1652598317.0
170,brookhaven,US,31.5791,-90.4407,100.0,94.0,69.46,2.46,1652598180.0
171,pozhva,RU,59.0912,56.0847,69.0,56.0,56.21,10.78,1652598318.0
172,ixtapa,MX,20.7,-105.2,0.0,88.0,75.22,1.01,1652598318.0
173,bengkulu,ID,-3.8004,102.2655,38.0,84.0,83.68,8.55,1652598319.0
174,tuban,ID,-6.8976,112.0649,66.0,73.0,85.95,5.53,1652598319.0
175,belaya gora,RU,68.5333,146.4167,100.0,85.0,29.12,7.83,1652598320.0
176,likasi,CD,-10.9814,26.7333,19.0,57.0,63.46,6.8,1652598320.0
177,east london,ZA,-33.0153,27.9116,0.0,72.0,63.54,4.61,1652598321.0
178,awbari,LY,26.5921,12.7805,0.0,21.0,72.86,14.74,1652598321.0
179,cristalina,BR,-16.7686,-47.6136,54.0,66.0,62.31,5.21,1652598128.0
180,banikoara,BJ,11.2985,2.4386,96.0,62.0,83.68,6.02,1652598322.0
181,aklavik,CA,68.2191,-135.0107,100.0,93.0,20.71,3.11,1652598322.0
182,butaritari,KI,3.0707,172.7902,11.0,75.0,81.39,7.27,1652598323.0
183,saint george,US,37.1041,-113.5841,0.0,15.0,75.94,4.61,1652598079.0
184,davila,PH,18.4726,120.5763,100.0,71.0,85.66,5.23,1652598324.0
185,karratha,AU,-20.7377,116.8463,0.0,38.0,84.56,13.06,1652598324.0
186,avarua,CK,-21.2078,-159.775,22.0,65.0,78.64,11.74,1652598325.0
187,burnie,AU,-41.0667,145.9167,100.0,88.0,56.95,18.12,1652598326.0
188,kiunga,PG,-6.1219,141.2906,86.0,74.0,84.79,2.91,1652598327.0
189,mackay,AU,-21.15,149.2,2.0,81.0,75.69,6.64,1652598151.0
190,bambous virieux,MU,-20.3428,57.7575,36.0,74.0,81.21,12.33,1652598328.0
191,plettenberg bay,ZA,-34.0527,23.3716,0.0,60.0,61.72,3.36,1652598328.0
192,kenora,CA,49.8167,-94.4337,100.0,75.0,46.78,8.01,1652598329.0
193,tuatapere,NZ,-46.1333,167.6833,40.0,90.0,46.31,3.27,1652598330.0
194,chagda,,,,,,,,
195,yumen,CN,40.2833,97.2,0.0,6.0,69.28,13.85,1652598331.0
196,nizwa,OM,22.9333,57.5333,0.0,14.0,93.97,6.67,1652598331.0
197,skalistyy,,,,,,,,
198,kruisfontein,ZA,-34.0033,24.7314,0.0,62.0,54.88,4.63,1652598332.0
199,salta,AR,-24.7859,-65.4117,97.0,86.0,56.57,1.99,1652598033.0
200,chapais,CA,49.7834,-74.8492,98.0,94.0,57.25,4.54,1652598333.0
201,yulara,AU,-25.2406,130.9889,2.0,34.0,79.03,9.42,1652598334.0
202,ponta do sol,PT,32.6667,-17.1,71.0,80.0,67.01,9.1,1652598334.0
203,vredendal,ZA,-31.6683,18.5012,0.0,41.0,60.57,7.45,1652598141.0
204,sioux falls,US,43.55,-96.7003,0.0,59.0,56.21,0.0,1652598335.0
205,alyangula,AU,-13.8483,136.4192,0.0,52.0,81.1,4.14,1652598336.0
206,tasiilaq,GL,65.6145,-37.6368,100.0,67.0,30.36,4.54,1652598337.0
207,la ronge,CA,55.1001,-105.2842,98.0,95.0,34.92,5.79,1652598337.0
208,torbay,CA,47.6666,-52.7314,10.0,92.0,34.29,5.01,1652598199.0
209,amapa,BR,1.0,-52.0,91.0,100.0,71.6,0.87,1652598338.0
210,cayenne,GF,4.9333,-52.3333,75.0,1.0,81.09,1.99,1652598112.0
211,longlac,,,,,,,,
212,omboue,GA,-1.5746,9.2618,97.0,89.0,78.94,7.9,1652598339.0
213,panaba,MX,21.2833,-88.2667,0.0,92.0,69.4,3.67,1652598340.0
214,labytnangi,RU,66.6572,66.4183,100.0,97.0,44.53,9.46,1652598213.0
215,avera,US,33.194,-82.5271,86.0,80.0,65.71,2.95,1652598341.0
216,urengoy,RU,65.9667,78.3667,87.0,74.0,60.44,9.55,1652598341.0
217,beloha,MG,-25.1667,45.05,0.0,58.0,75.38,9.37,1652598342.0
218,atar,MR,20.5169,-13.0499,100.0,13.0,85.66,8.99,1652598343.0
219,zhob,PK,31.3411,69.4481,0.0,8.0,91.06,5.03,1652598343.0
220,laem sing,TH,12.4816,102.0738,88.0,100.0,91.02,8.77,1652598344.0
221,toliary,,,,,,,,
222,saleaula,,,,,,,,
223,corinto,GR,37.9407,22.9573,4.0,69.0,72.41,4.05,1652598345.0
224,gambiran,ID,-6.7988,111.4951,49.0,69.0,86.65,3.36,1652598345.0
225,sukhumi,GE,43.0033,41.0153,68.0,52.0,68.9,4.25,1652598346.0
226,popondetta,PG,-8.7537,148.2534,100.0,83.0,80.47,2.84,1652598346.0
227,port lincoln,AU,-34.7333,135.8667,68.0,70.0,62.08,19.55,1652598347.0
228,egvekinot,RU,66.3167,-179.1667,84.0,90.0,33.24,7.74,1652598348.0
229,surt,LY,31.2089,16.5887,0.0,40.0,71.65,7.4,1652598349.0
230,torres,BR,-29.3353,-49.7269,100.0,96.0,65.82,3.06,1652598114.0
231,ostrovnoy,RU,68.0531,39.5131,98.0,76.0,39.79,8.48,1652598350.0
232,maragogi,BR,-9.0122,-35.2225,40.0,86.0,76.21,5.79,1652598350.0
233,ketchikan,US,55.3422,-131.6461,100.0,87.0,46.38,3.44,1652598351.0
234,airai,TL,-8.9266,125.4092,100.0,85.0,67.64,1.28,1652598351.0
235,clyde river,CA,70.4692,-68.5914,0.0,73.0,11.71,3.65,1652598201.0
236,lebu,CL,-37.6167,-73.65,0.0,64.0,47.62,4.07,1652598352.0
237,constitucion,CL,-35.3333,-72.4167,0.0,59.0,50.4,4.65,1652598352.0
238,sioux lookout,CA,50.1001,-91.917,100.0,85.0,45.25,7.99,1652598353.0
239,kingaroy,AU,-26.5333,151.8333,52.0,81.0,70.83,1.16,1652598353.0
240,ahipara,NZ,-35.1667,173.1667,67.0,85.0,63.12,10.13,1652598354.0
241,osorno,CL,-40.5667,-73.15,28.0,99.0,38.62,1.5,1652598182.0
242,half moon bay,US,37.4636,-122.4286,100.0,82.0,61.88,11.5,1652598355.0
243,broome,US,42.2506,-75.833,100.0,93.0,64.65,3.44,1652598355.0
244,guntakal,IN,15.1667,77.3833,14.0,38.0,95.2,7.31,1652598356.0
245,pokanayevka,,,,,,,,
246,saldanha,ZA,-33.0117,17.9442,0.0,68.0,58.01,8.19,1652598356.0
247,vila do maio,CV,15.1333,-23.2167,81.0,86.0,77.79,15.48,1652598357.0
248,alice,US,27.7523,-98.0697,0.0,88.0,74.77,6.91,1652598357.0
249,harnosand,SE,62.6323,17.9379,6.0,53.0,50.02,17.85,1652598358.0
250,evanston,US,42.0411,-87.6901,20.0,67.0,69.98,8.05,1652598358.0
251,pacaembu,BR,-21.5622,-51.2606,100.0,97.0,63.1,6.46,1652598359.0
252,lavrentiya,RU,65.5833,-171.0,100.0,99.0,33.44,6.38,1652598359.0
253,banda aceh,ID,5.5577,95.3222,39.0,69.0,87.15,14.54,1652598360.0
254,phulabani,IN,20.4667,84.2333,94.0,20.0,107.06,6.44,1652598361.0
255,olafsvik,IS,64.8945,-23.7142,100.0,94.0,43.0,14.97,1652598361.0
256,attawapiskat,,,,,,,,
257,klaksvik,FO,62.2266,-6.589,85.0,87.0,47.32,6.4,1652598362.0
258,rajo khanani,PK,24.9841,68.8536,0.0,11.0,106.05,25.37,1652598362.0
259,fort nelson,CA,58.8053,-122.7002,10.0,95.0,36.18,2.48,1652598363.0
260,mocambique,,,,,,,,
261,tiksi,RU,71.6872,128.8694,64.0,84.0,22.55,8.1,1652598364.0
262,san vicente,AR,-26.6167,-54.1333,99.0,100.0,57.54,1.32,1652598312.0
263,lazaro cardenas,MX,17.9583,-102.2,100.0,82.0,78.66,3.38,1652598278.0
264,faya,SA,18.3851,42.4509,0.0,11.0,77.52,12.33,1652598364.0
265,umea,SE,63.8284,20.2597,0.0,57.0,49.93,20.71,1652598365.0
266,whitehorse,CA,60.7161,-135.0538,92.0,85.0,33.82,1.01,1652598158.0
267,guider,CM,9.9342,13.9486,92.0,44.0,85.82,4.79,1652598366.0
268,homa bay,KE,-0.5273,34.4571,24.0,67.0,72.82,3.13,1652598366.0
269,lasa,IT,46.6166,10.7002,12.0,72.0,59.68,2.17,1652598367.0
270,bowen,AU,-20.0167,148.2333,69.0,73.0,76.35,3.36,1652598355.0
271,cherskiy,RU,68.75,161.3,47.0,79.0,27.18,10.96,1652598367.0
272,jiuquan,CN,39.7432,98.5174,0.0,8.0,67.93,9.44,1652598368.0
273,nguiu,,,,,,,,
274,guilin,CN,25.2819,110.2864,100.0,90.0,59.47,8.03,1652598369.0
275,turukhansk,RU,65.8167,87.9833,8.0,37.0,70.54,9.71,1652598369.0
276,leshukonskoye,RU,64.8989,45.7622,2.0,66.0,56.17,8.25,1652598370.0
277,phan rang,,,,,,,,
278,sao filipe,CV,14.8961,-24.4956,53.0,69.0,75.76,7.96,1652598371.0
279,lorengau,PG,-2.0226,147.2712,100.0,67.0,83.82,6.91,1652598371.0
280,coquimbo,CL,-29.9533,-71.3436,0.0,86.0,56.59,1.86,1652598191.0
281,pangnirtung,CA,66.1451,-65.7125,7.0,84.0,9.19,7.27,1652598372.0
282,villa san giovanni,IT,38.2276,15.6386,0.0,62.0,73.63,13.8,1652598373.0
283,luwuk,ID,-0.9516,122.7875,96.0,83.0,82.83,2.24,1652598373.0
284,sao marcos,BR,-28.9711,-51.0681,98.0,100.0,56.34,1.77,1652598374.0
285,cururupu,BR,-1.8283,-44.8683,100.0,97.0,75.56,4.36,1652598374.0
286,lolua,,,,,,,,
287,klyuchi,RU,52.2667,79.1667,100.0,80.0,61.59,10.8,1652598375.0
288,bonito,BR,-21.1211,-56.4819,100.0,99.0,64.81,1.95,1652598375.0
289,katsuura,JP,35.1333,140.3,100.0,70.0,64.51,14.25,1652598376.0
290,angra,,,,,,,,
291,deniliquin,AU,-35.5333,144.9667,0.0,49.0,66.78,9.8,1652598377.0
292,sao joao da barra,BR,-21.6403,-41.0511,100.0,72.0,73.18,8.46,1652598377.0
293,leningradskiy,RU,69.3833,178.4167,100.0,93.0,31.03,22.28,1652598378.0
294,diamantino,BR,-14.4086,-56.4461,99.0,58.0,76.55,2.26,1652598378.0
295,okha,RU,53.5739,142.9478,100.0,99.0,32.83,14.12,1652598379.0
296,tsaratanana,MG,-16.7833,47.65,1.0,52.0,77.72,11.48,1652598379.0
297,astoria,US,46.1879,-123.8313,100.0,96.0,52.56,3.44,1652598380.0
298,kamenskoye,,,,,,,,
299,kloulklubed,PW,7.0419,134.2556,4.0,68.0,84.27,5.26,1652598380.0
300,grand gaube,MU,-20.0064,57.6608,8.0,64.0,81.37,7.0,1652598381.0
301,mehamn,NO,71.0357,27.8492,100.0,84.0,39.11,6.71,1652598381.0
302,luderitz,NA,-26.6481,15.1594,1.0,37.0,67.91,6.08,1652598382.0
303,safaqis,,,,,,,,
304,mokolo,CM,10.7398,13.8019,97.0,42.0,83.73,1.74,1652598383.0
305,seoul,KR,37.5683,126.9778,8.0,21.0,70.99,14.58,1652598353.0
306,margate,GB,51.3813,1.3862,100.0,83.0,61.3,3.0,1652598383.0
307,andenes,NO,69.3143,16.1194,75.0,87.0,42.78,5.75,1652598193.0
308,port hueneme,US,34.1478,-119.1951,0.0,62.0,75.18,3.44,1652598384.0
309,presidencia roque saenz pena,AR,-26.7852,-60.4388,0.0,94.0,51.55,5.61,1652598385.0
310,shitanjing,CN,39.2342,106.3439,99.0,7.0,62.65,11.81,1652598314.0
311,the valley,AI,18.217,-63.0578,19.0,78.0,77.09,19.46,1652598385.0
312,jibuti,DJ,11.5,42.5,100.0,17.0,94.32,10.16,1652598143.0
313,stephenville,US,32.2207,-98.2023,0.0,74.0,74.16,6.91,1652598203.0
314,lady frere,ZA,-31.7031,27.2329,0.0,76.0,53.49,1.34,1652598386.0
315,mayskiy,RU,47.6931,40.1025,20.0,53.0,62.01,13.35,1652598387.0
316,shenjiamen,CN,29.9576,122.298,100.0,66.0,60.78,8.88,1652598387.0
317,angoche,MZ,-16.2325,39.9086,2.0,64.0,76.96,7.56,1652598388.0
318,skibbereen,IE,51.55,-9.2667,7.0,85.0,54.1,8.5,1652598388.0
319,karkaralinsk,,,,,,,,
320,dhing,IN,26.4667,92.4667,82.0,76.0,82.87,5.84,1652598389.0
321,wattegama,LK,6.7989,81.4808,100.0,48.0,91.72,11.03,1652598390.0
322,oyem,GA,1.5995,11.5793,100.0,93.0,71.53,0.76,1652598390.0
323,ponta delgada,PT,37.7333,-25.6667,40.0,77.0,59.72,21.85,1652598391.0
324,shcholkine,,,,,,,,
325,hami,CN,42.8,93.45,4.0,4.0,80.64,5.08,1652598391.0
326,kidal,ML,18.4411,1.4078,0.0,9.0,86.13,8.3,1652598392.0
327,lagoa,PT,39.05,-27.9833,100.0,65.0,58.21,25.34,1652598392.0
328,san jose,US,37.3394,-121.895,0.0,76.0,62.58,5.75,1652598363.0
329,uray,RU,60.1247,64.7758,61.0,42.0,63.5,13.71,1652598393.0
330,baykit,RU,61.67,96.37,95.0,28.0,71.85,3.49,1652598394.0
331,muroto,JP,33.2833,134.15,100.0,61.0,64.02,3.49,1652598394.0
332,berlevag,NO,70.8578,29.0864,100.0,87.0,44.4,9.22,1652598395.0
333,langholm,GB,55.151,-2.9989,100.0,84.0,51.31,5.19,1652598395.0
334,brinkovskaya,RU,46.0347,38.5869,8.0,65.0,65.86,10.16,1652598396.0
335,arkhangelsk,RU,64.5401,40.5433,40.0,71.0,53.71,6.71,1652598111.0
336,zrenjanin,RS,45.3836,20.3819,7.0,50.0,66.99,5.23,1652598396.0
337,buqayq,,,,,,,,
338,havoysund,NO,70.9963,24.6622,100.0,94.0,41.23,3.02,1652598397.0
339,aras,ES,42.5617,-2.356,0.0,82.0,63.75,8.05,1652598398.0
340,opobo,,,,,,,,
341,plouzane,FR,48.3833,-4.6167,100.0,94.0,57.38,12.66,1652598398.0
342,marevo,RU,57.3146,32.0804,96.0,89.0,49.53,8.23,1652598399.0
343,petropavlovsk-kamchatskiy,RU,53.0452,158.6483,100.0,97.0,37.15,14.41,1652598399.0
344,el wasta,,,,,,,,
345,norman wells,CA,65.282,-126.8329,100.0,97.0,35.92,4.25,1652598158.0
346,iquitos,PE,-3.7481,-73.2472,75.0,100.0,75.24,2.3,1652598400.0
347,kletskaya,RU,49.3145,43.0584,96.0,70.0,58.3,14.29,1652598401.0
348,meulaboh,ID,4.1363,96.1285,100.0,86.0,80.11,2.44,1652598402.0
349,mrirt,,,,,,,,
350,longyearbyen,SJ,78.2186,15.6401,75.0,64.0,30.04,2.3,1652598403.0
351,jurm,AF,36.8648,70.8342,63.0,54.0,69.64,6.31,1652598403.0
352,pisco,PE,-13.7,-76.2167,100.0,88.0,62.65,5.75,1652598404.0
353,iquique,CL,-20.2208,-70.1431,32.0,78.0,61.29,2.64,1652598233.0
354,kavaratti,IN,10.5669,72.642,100.0,91.0,78.33,17.31,1652598405.0
355,padang,ID,-0.9492,100.3543,41.0,80.0,87.85,5.93,1652598406.0
356,iralaya,HN,15.0,-83.2333,75.0,82.0,77.74,2.24,1652598406.0
357,sorland,NO,67.667,12.6934,24.0,88.0,44.46,18.97,1652598407.0
358,marawi,PH,7.9986,124.2928,100.0,92.0,73.04,2.37,1652598408.0
359,erdenet,MN,49.0333,104.0833,10.0,15.0,65.57,6.69,1652598408.0
360,lodja,CD,-3.4833,23.4333,94.0,67.0,77.86,1.48,1652598409.0
361,aksarka,RU,66.5606,67.7975,100.0,67.0,54.07,8.05,1652598409.0
362,batagay-alyta,RU,67.8006,130.4114,100.0,68.0,23.45,3.71,1652598410.0
363,mys shmidta,,,,,,,,
364,pacific grove,US,36.6177,-121.9166,100.0,93.0,56.43,11.99,1652598393.0
365,bardiyah,LY,31.7561,25.0865,0.0,62.0,69.84,14.41,1652598411.0
366,saint-augustin,CA,51.226,-58.6502,94.0,97.0,36.32,7.67,1652598412.0
367,kazanskoye,RU,55.6448,69.235,9.0,34.0,66.99,11.99,1652598413.0
368,arrecife,ES,28.963,-13.5477,20.0,77.0,66.18,11.5,1652598414.0
369,xining,CN,36.6167,101.7667,99.0,45.0,53.82,10.6,1652598415.0
370,vetluga,RU,57.8557,45.781,100.0,66.0,53.6,8.99,1652598416.0
371,solton,RU,52.8429,86.4787,100.0,31.0,80.46,3.27,1652598416.0
372,sorong,ID,-0.8833,131.25,57.0,80.0,82.26,5.93,1652598417.0
373,lander,US,42.833,-108.7307,0.0,58.0,52.61,0.0,1652598418.0
374,oriximina,BR,-1.7656,-55.8661,100.0,97.0,74.21,3.58,1652598418.0
375,suzhou,CN,31.3114,120.6181,94.0,35.0,71.64,3.09,1652598419.0
376,marau,BR,-28.4492,-52.2,99.0,98.0,57.49,2.64,1652598420.0
377,lewiston,US,44.1003,-70.2148,75.0,92.0,65.39,3.44,1652598305.0
378,inongo,CD,-1.95,18.2667,100.0,94.0,73.02,3.18,1652598420.0
379,umzimvubu,,,,,,,,
380,san miguel,SV,13.4833,-88.1833,34.0,81.0,76.12,1.7,1652598421.0
381,pingliang,CN,35.5392,106.6861,92.0,23.0,65.62,10.38,1652598422.0
382,agadez,NE,19.75,10.25,0.0,23.0,79.11,16.69,1652598422.0
383,flinders,AU,-34.5833,150.8552,100.0,91.0,69.19,5.99,1652598423.0
384,doha,QA,25.2867,51.5333,0.0,51.0,87.78,17.27,1652598170.0
385,vila velha,BR,-20.3297,-40.2925,96.0,79.0,72.39,2.62,1652598124.0
386,boyolangu,ID,-8.1181,111.8935,41.0,70.0,86.27,8.39,1652598424.0
387,ryotsu,JP,38.0833,138.4333,100.0,52.0,59.14,2.01,1652598424.0
388,jalu,LY,29.0331,21.5482,0.0,37.0,72.75,9.31,1652598425.0
389,oda,JP,35.1833,132.5,100.0,63.0,61.57,12.06,1652598425.0
390,kaiserslautern,DE,49.45,7.75,0.0,49.0,65.14,0.0,1652598426.0
391,trairi,BR,-3.2778,-39.2689,100.0,90.0,76.46,8.93,1652598359.0
392,punto fijo,VE,11.6956,-70.1996,72.0,84.0,79.34,25.03,1652598427.0
393,qui nhon,VN,13.7667,109.2333,99.0,76.0,85.28,12.59,1652598428.0
394,vanderhoof,CA,54.0166,-124.0198,77.0,78.0,40.93,4.63,1652598310.0
395,grindavik,IS,63.8424,-22.4338,75.0,100.0,46.87,13.8,1652598428.0
396,daru,PG,-9.0763,143.2092,67.0,75.0,81.07,8.59,1652598429.0
397,hithadhoo,MV,-0.6,73.0833,100.0,69.0,82.92,7.83,1652598430.0
398,prince rupert,CA,54.3161,-130.3201,100.0,82.0,44.92,1.3,1652598307.0
399,hervey bay,AU,-25.2986,152.8535,0.0,85.0,74.44,4.03,1652598431.0
400,butembo,CD,0.15,29.2833,61.0,64.0,70.79,0.96,1652598431.0
401,codrington,AU,-38.2667,141.9667,5.0,80.0,59.22,20.8,1652598432.0
402,kungurtug,RU,50.5994,97.5228,37.0,12.0,70.18,5.23,1652598433.0
403,shache,CN,38.4167,77.2406,100.0,20.0,79.97,9.73,1652598433.0
404,lahad datu,MY,5.0268,118.327,100.0,74.0,84.09,5.06,1652598434.0
405,dmitriyevka,RU,54.75,55.3333,23.0,54.0,63.95,12.66,1652598435.0
406,maua,BR,-23.6678,-46.4614,100.0,94.0,63.36,3.98,1652598436.0
407,sao joao dos patos,BR,-6.495,-43.7022,100.0,72.0,76.66,2.68,1652598437.0
408,rolim de moura,,,,,,,,
409,tocopilla,CL,-22.092,-70.1979,13.0,70.0,61.77,2.82,1652598438.0
410,komsomolskiy,UZ,40.4272,71.7189,40.0,63.0,66.92,2.3,1652598439.0
411,baturaja,ID,-4.1333,104.1667,45.0,50.0,91.56,4.85,1652598440.0
412,pozo colorado,PY,-23.4923,-58.7972,100.0,96.0,61.41,7.11,1652598440.0
413,yerbogachen,RU,61.2767,108.0108,100.0,27.0,66.43,6.8,1652598441.0
414,naudero,PK,27.6648,68.3622,0.0,6.0,113.47,8.79,1652598441.0
415,touros,BR,-5.1989,-35.4608,77.0,92.0,75.49,8.75,1652598442.0
416,siocon,PH,7.7061,122.1353,96.0,79.0,83.62,3.74,1652598442.0
417,panji,ID,-7.7253,114.0995,61.0,64.0,87.53,6.76,1652598443.0
418,ardistan,,,,,,,,
419,marcona,,,,,,,,
420,viedma,AR,-40.8135,-62.9967,16.0,61.0,49.68,19.91,1652598444.0
421,binzhou,CN,37.3667,118.0167,93.0,15.0,79.63,10.47,1652598444.0
422,dabeiba,CO,7.0017,-76.2672,100.0,98.0,74.23,0.89,1652598445.0
423,ust-nera,RU,64.5667,143.2,100.0,84.0,36.64,8.21,1652598445.0
424,kupang,ID,-10.1667,123.5833,19.0,75.0,82.89,2.19,1652598446.0
425,springbok,ZA,-29.6643,17.8865,0.0,14.0,57.13,7.99,1652598446.0
426,caravelas,BR,-17.7125,-39.2481,100.0,76.0,73.44,7.29,1652598447.0
427,paungde,MM,18.4833,95.5,43.0,30.0,102.38,7.07,1652598447.0
428,hamilton,US,39.1834,-84.5333,0.0,96.0,63.39,3.44,1652598242.0
429,braganca,BR,-1.0536,-46.7656,100.0,99.0,73.92,1.23,1652598448.0
430,orsk,RU,51.2049,58.5668,100.0,80.0,57.25,8.34,1652598449.0
431,gat,IL,31.61,34.7642,84.0,100.0,76.41,12.26,1652598449.0
432,acajutla,SV,13.5928,-89.8275,7.0,71.0,80.73,4.34,1652598450.0
433,bethanien,NA,-26.502,17.1583,0.0,25.0,61.29,8.72,1652598450.0
434,sur,OM,22.5667,59.5289,0.0,50.0,88.57,9.71,1652598451.0
435,nurota,UZ,40.5614,65.6886,0.0,28.0,76.5,15.46,1652598451.0
436,kahului,US,20.8947,-156.47,52.0,84.0,74.84,5.99,1652598197.0
437,morehead,US,37.2711,-87.1764,40.0,94.0,64.15,0.0,1652598452.0
438,yudong,CN,29.385,106.5194,100.0,91.0,59.9,0.87,1652598453.0
439,naze,JP,28.3667,129.4833,100.0,67.0,64.81,18.77,1652598316.0
440,samusu,,,,,,,,
441,okhotsk,RU,59.3833,143.3,100.0,96.0,36.12,42.88,1652598453.0
442,rock springs,US,41.5875,-109.2029,0.0,52.0,50.05,9.22,1652598454.0
443,taoudenni,ML,22.6783,-3.9836,72.0,8.0,82.0,13.24,1652598454.0
444,acarau,BR,-2.8856,-40.12,100.0,88.0,77.2,11.36,1652598455.0
445,sterling,US,39.0062,-77.4286,100.0,97.0,65.17,3.44,1652598455.0
446,nuuk,GL,64.1835,-51.7216,75.0,80.0,25.41,15.01,1652598456.0
447,angelholm,,,,,,,,
448,maracaju,BR,-21.6144,-55.1683,87.0,98.0,62.46,3.91,1652598457.0
449,cam ranh,VN,11.9214,109.1591,20.0,50.0,102.16,6.91,1652598457.0
450,mount gambier,AU,-37.8333,140.7667,75.0,94.0,55.31,19.57,1652598458.0
451,ouallam,NE,14.3188,2.0866,100.0,44.0,88.81,12.88,1652598458.0
452,rovaniemi,FI,66.5,25.7167,0.0,66.0,49.41,6.91,1652598459.0
453,rosario,AR,-32.9468,-60.6393,40.0,82.0,52.95,4.61,1652598407.0
454,darovskoy,RU,58.77,47.9564,97.0,84.0,49.26,10.25,1652598460.0
455,moose factory,CA,51.2585,-80.6094,100.0,94.0,58.98,6.91,1652598460.0
456,tumannyy,,,,,,,,
457,beyneu,KZ,45.3167,55.2,100.0,27.0,76.28,16.13,1652598461.0
458,palabuhanratu,,,,,,,,
459,paracuru,BR,-3.41,-39.0306,100.0,91.0,77.11,9.91,1652598462.0
460,tiznit,MA,29.5833,-9.5,2.0,71.0,63.86,1.97,1652598462.0
461,vestmannaeyjar,IS,63.4427,-20.2734,100.0,95.0,47.82,16.17,1652598463.0
462,mangrol,IN,21.1167,70.1167,6.0,64.0,88.9,12.48,1652598463.0
463,yeppoon,AU,-23.1333,150.7333,0.0,85.0,82.18,5.93,1652598464.0
464,kedgwick,CA,47.6446,-67.3434,100.0,69.0,50.79,4.88,1652598464.0
465,bonavista,CA,48.6499,-53.1147,95.0,68.0,34.72,1.48,1652598465.0
466,charters towers,AU,-20.1,146.2667,0.0,48.0,77.85,5.48,1652598465.0
467,golden,US,39.7555,-105.2211,0.0,35.0,62.37,6.91,1652598466.0
468,isiro,CD,2.7739,27.616,100.0,83.0,73.6,1.74,1652598466.0
469,kargil,IN,34.5667,76.1,96.0,19.0,58.08,6.8,1652598467.0
470,camopi,GF,3.1655,-52.3158,89.0,100.0,72.43,1.61,1652598467.0
471,cariamanga,EC,-4.3333,-79.55,54.0,95.0,50.79,2.06,1652598468.0
472,visnes,NO,59.3556,5.2242,75.0,93.0,50.05,2.3,1652598468.0
473,ilulissat,GL,69.2167,-51.1,100.0,68.0,21.22,13.8,1652598469.0
474,zlatoustovsk,,,,,,,,
475,douglas,US,41.3,-96.167,0.0,85.0,59.52,1.01,1652598469.0
476,englewood,US,39.6478,-104.9878,40.0,36.0,63.68,5.75,1652598470.0
477,quang ngai,VN,15.1167,108.8,29.0,64.0,90.79,8.28,1652598470.0
478,majene,ID,-3.5403,118.9707,68.0,70.0,85.86,6.44,1652598471.0
479,aasiaat,GL,68.7098,-52.8699,72.0,98.0,10.22,4.34,1652598471.0
480,khani,GE,41.9563,42.9566,1.0,43.0,63.97,4.03,1652598472.0
481,edgewater,US,28.9889,-80.9023,5.0,89.0,72.12,6.31,1652598473.0
482,bathsheba,BB,13.2167,-59.5167,40.0,83.0,79.41,17.27,1652598473.0
483,cockburn town,TC,21.4612,-71.1419,100.0,82.0,78.98,22.7,1652598474.0
484,hirara,JP,24.8,125.2833,100.0,83.0,73.85,29.24,1652598474.0
485,kurchum,KZ,48.5722,83.6542,100.0,46.0,70.92,10.16,1652598475.0
486,san angelo,US,31.4638,-100.437,0.0,45.0,76.53,6.91,1652598475.0
487,udachnyy,RU,66.4167,112.4,100.0,100.0,40.77,1.7,1652598476.0
488,mandalgovi,MN,45.7625,106.2708,55.0,11.0,63.39,9.48,1652598476.0
489,poya,NC,-21.35,165.15,5.0,78.0,73.99,7.14,1652598477.0
490,rawson,AR,-43.3002,-65.1023,3.0,65.0,49.23,22.12,1652598477.0
491,goderich,CA,43.7501,-81.7165,96.0,100.0,45.14,4.27,1652598478.0
492,changping,CN,40.2186,116.2197,35.0,11.0,82.04,7.72,1652598478.0
493,fairview,US,40.8126,-73.999,100.0,93.0,63.52,5.75,1652598214.0
494,yugo-kamskiy,RU,57.7053,55.5894,100.0,54.0,62.62,10.33,1652598479.0
495,praia,CV,14.9215,-23.5087,0.0,53.0,77.54,27.63,1652598479.0
496,watrous,CA,51.6668,-105.4679,96.0,74.0,43.18,7.05,1652598480.0
497,puerto colombia,CO,10.9878,-74.9547,99.0,82.0,81.03,4.52,1652598480.0
498,barinas,VE,8.6226,-70.2075,100.0,65.0,78.35,3.94,1652598481.0
499,oussouye,SN,12.485,-16.5469,8.0,88.0,72.55,2.91,1652598481.0
500,san jeronimo,PE,-11.9472,-75.2829,41.0,86.0,45.75,1.19,1652598482.0
501,banmo,,,,,,,,
502,kavieng,PG,-2.5744,150.7967,100.0,69.0,83.3,4.59,1652598483.0
503,anloga,GH,5.7947,0.8973,60.0,80.0,81.72,6.8,1652598483.0
504,faanui,PF,-16.4833,-151.75,100.0,71.0,81.5,10.49,1652598484.0
505,lopatyn,UA,50.2202,24.8483,78.0,70.0,57.24,12.66,1652598484.0
506,mtinko,TZ,-4.55,34.85,63.0,55.0,70.81,8.25,1652598485.0
507,abaete,BR,-19.16,-45.4458,73.0,68.0,66.34,4.14,1652598485.0
508,pimentel,PE,-6.8367,-79.9342,86.0,88.0,63.63,9.82,1652598486.0
509,burgeo,CA,47.6167,-57.6152,28.0,91.0,42.73,4.18,1652598486.0
510,dunedin,NZ,-45.8742,170.5036,20.0,93.0,49.8,1.99,1652598487.0
511,libertador general san martin,AR,-23.8064,-64.7876,98.0,96.0,63.97,1.14,1652598487.0
512,liverpool,GB,53.4106,-2.9779,40.0,84.0,60.3,5.99,1652598454.0
513,lao cai,VN,22.4833,103.95,100.0,96.0,75.34,0.36,1652598488.0
514,cap malheureux,MU,-19.9842,57.6142,9.0,64.0,81.46,7.0,1652598489.0
515,jizan,SA,17.3333,42.6667,0.0,17.0,102.85,5.26,1652598489.0
516,puerto el triunfo,SV,13.2833,-88.55,15.0,79.0,79.02,4.07,1652598490.0
517,cartagena del chaira,CO,1.3349,-74.8429,99.0,99.0,69.69,0.6,1652598490.0
518,kulhudhuffushi,MV,6.6221,73.07,100.0,79.0,82.4,19.01,1652598491.0
519,nemuro,JP,43.3236,145.575,100.0,83.0,45.93,13.51,1652598491.0
520,asfi,MA,32.2994,-9.2372,2.0,87.0,64.27,3.53,1652598492.0
521,kenai,US,60.5544,-151.2583,0.0,51.0,48.02,8.05,1652598492.0
522,thinadhoo,MV,0.5333,72.9333,100.0,71.0,83.44,10.18,1652598493.0
523,nacala,MZ,-14.5428,40.6728,0.0,62.0,79.07,9.33,1652598493.0
524,wajima,JP,37.4,136.9,100.0,54.0,60.58,3.51,1652598494.0
525,shellbrook,CA,53.2168,-106.4011,86.0,80.0,39.83,5.7,1652598494.0
526,saumur,FR,47.3333,-0.25,100.0,77.0,62.71,5.37,1652598495.0
527,kharp,RU,66.8014,65.8081,100.0,95.0,45.41,8.39,1652598495.0
528,san patricio,US,28.017,-97.5169,0.0,96.0,78.85,6.24,1652598496.0
529,porto novo,BJ,6.4965,2.6036,74.0,80.0,81.54,3.06,1652598265.0
530,mezhdurechenskiy,RU,59.6,65.9333,46.0,41.0,64.42,13.0,1652598496.0
531,birjand,IR,32.8663,59.2211,0.0,22.0,67.6,15.32,1652598497.0
532,kota bahru,MY,6.1333,102.2386,88.0,67.0,88.9,6.4,1652598498.0
533,shelburne,CA,44.0787,-80.2041,20.0,86.0,60.76,6.8,1652598273.0
534,warrnambool,AU,-38.3833,142.4833,67.0,79.0,60.82,23.42,1652598304.0
535,samarai,PG,-10.6167,150.6667,14.0,77.0,81.34,8.79,1652598498.0
536,talcahuano,CL,-36.7167,-73.1167,0.0,93.0,42.48,5.75,1652598315.0
537,porto seguro,BR,-16.4497,-39.0647,75.0,100.0,70.32,6.91,1652598287.0
538,sainte-anne-des-monts,CA,49.124,-66.4924,100.0,72.0,46.58,7.4,1652598499.0
539,waipawa,NZ,-41.4122,175.5153,100.0,97.0,53.82,6.64,1652598500.0
540,saint-francois,FR,46.4154,3.9054,0.0,67.0,66.67,3.44,1652598500.0
541,ruatoria,,,,,,,,
542,camana,PE,-16.6228,-72.7111,49.0,86.0,63.1,5.91,1652598501.0
543,salym,RU,60.0625,71.4789,69.0,36.0,65.37,11.23,1652598502.0
544,bissau,GW,11.8636,-15.5977,2.0,85.0,75.78,6.24,1652598223.0
545,san juan,AR,-31.5375,-68.5364,100.0,40.0,53.19,12.24,1652598502.0
546,nanortalik,GL,60.1432,-45.2371,100.0,87.0,30.29,6.78,1652598503.0
547,pemberton,CA,50.3164,-122.8027,100.0,99.0,46.54,3.44,1652598503.0
548,palu,ID,-0.8917,119.8707,95.0,74.0,86.31,4.32,1652598504.0
549,povoa de varzim,PT,41.3834,-8.7636,75.0,100.0,62.15,16.11,1652598504.0
550,shingu,JP,33.7333,135.9833,100.0,79.0,65.14,4.09,1652598505.0
551,lazarev,RU,52.225,141.5131,100.0,89.0,35.29,19.66,1652598505.0
552,vila,PT,42.0304,-8.1588,98.0,90.0,49.69,6.73,1652598506.0
553,ulladulla,AU,-35.35,150.4667,100.0,65.0,63.77,10.71,1652598506.0
554,samalaeulu,,,,,,,,
555,mayo,US,38.8876,-76.5119,100.0,97.0,65.52,0.0,1652598507.0
556,westport,US,41.1415,-73.3579,100.0,96.0,64.62,3.44,1652598508.0
557,hurghada,EG,27.2574,33.8129,100.0,38.0,82.94,29.12,1652598508.0
558,skjervoy,NO,70.0311,20.9714,100.0,94.0,41.0,5.03,1652598509.0
559,clifton,US,40.8584,-74.1638,100.0,94.0,64.58,5.75,1652598509.0
560,diffa,NE,13.3154,12.6113,98.0,12.0,87.6,15.37,1652598510.0
561,katangli,RU,51.7102,143.2326,100.0,93.0,35.85,23.4,1652598510.0
562,maneadero,MX,31.7167,-116.5667,5.0,80.0,61.11,1.99,1652598511.0
563,urubicha,BO,-15.3833,-62.95,99.0,97.0,68.47,2.93,1652598511.0
564,bataipora,BR,-22.2953,-53.2711,87.0,98.0,62.85,5.5,1652598512.0
565,katerero,TZ,-1.4,31.7333,94.0,73.0,72.64,5.77,1652598512.0
566,bereda,ES,43.2686,-7.5406,100.0,95.0,61.41,4.94,1652598513.0
567,palmer,US,42.1584,-72.3287,100.0,92.0,65.66,4.61,1652598513.0
568,tomatlan,MX,19.9333,-105.25,100.0,81.0,69.89,1.72,1652598514.0
569,aykino,RU,62.2248,49.9922,98.0,67.0,53.58,3.02,1652598514.0
570,staritsa,RU,56.5075,34.9354,100.0,83.0,48.45,7.23,1652598515.0
571,wewak,PG,-3.5534,143.6268,62.0,71.0,84.16,7.54,1652598515.0
572,linxia,CN,35.6003,103.2064,100.0,41.0,57.69,12.26,1652598516.0
573,grand centre,,,,,,,,
574,wanning,CN,18.8003,110.3967,100.0,74.0,86.32,9.69,1652598517.0
575,henties bay,NA,-22.116,14.2845,0.0,68.0,61.21,4.18,1652598517.0
576,tefe,BR,-3.3542,-64.7114,100.0,99.0,74.05,2.62,1652598518.0
577,kirkwall,GB,58.9848,-2.9587,75.0,82.0,51.85,6.91,1652598518.0
578,alotau,,,,,,,,
579,lixourion,GR,38.2019,20.4314,0.0,78.0,71.6,5.75,1652598519.0
580,sobolevo,RU,54.4299,31.8996,97.0,93.0,47.44,9.98,1652598519.0
581,mawlaik,MM,23.6333,94.4167,100.0,81.0,81.43,2.26,1652598520.0
582,galle,LK,6.0367,80.217,100.0,82.0,82.02,16.69,1652598520.0
583,burica,,,,,,,,
584,sistranda,NO,63.7256,8.834,100.0,70.0,44.56,20.09,1652598521.0
585,simao,CN,22.7886,100.9748,98.0,61.0,79.5,3.51,1652598522.0
586,brae,GB,60.3964,-1.353,100.0,81.0,51.22,5.5,1652598522.0
587,letlhakane,BW,-21.4167,25.5833,0.0,28.0,70.63,8.32,1652598523.0
588,gornopravdinsk,RU,60.05,69.9,33.0,37.0,65.77,12.68,1652598523.0
589,toamasina,MG,-18.1667,49.3833,17.0,64.0,77.63,9.13,1652598524.0
590,taunsa,PK,30.7048,70.6505,0.0,4.0,115.63,8.63,1652598524.0
591,vostok,RU,46.4856,135.8833,100.0,78.0,47.3,15.73,1652598525.0
592,parfino,RU,57.9731,31.6481,100.0,86.0,50.65,8.81,1652598525.0
593,copiapo,CL,-27.3667,-70.3333,0.0,58.0,53.29,1.34,1652598526.0
594,lompoc,US,34.6391,-120.4579,0.0,87.0,59.63,7.96,1652598425.0
595,rosetta,EG,31.4044,30.4164,0.0,64.0,69.55,13.6,1652598527.0
596,alta floresta,BR,-9.8756,-56.0861,100.0,78.0,73.98,1.88,1652598527.0
597,baghdad,IQ,33.3406,44.4009,17.0,14.0,95.83,15.95,1652598528.0
598,vila franca do campo,PT,37.7167,-25.4333,77.0,76.0,59.41,17.54,1652598528.0
599,roma,US,43.2128,-75.4557,100.0,94.0,66.87,4.61,1652598529.0
600,ambilobe,MG,-13.2,49.05,0.0,50.0,83.7,3.02,1652598529.0
601,bandarbeyla,SO,9.4942,50.8122,32.0,47.0,93.07,18.5,1652598530.0
602,yakeshi,CN,49.2833,120.7333,100.0,21.0,57.52,18.92,1652598530.0
603,ahumada,,,,,,,,
604,port macquarie,AU,-31.4333,152.9167,34.0,93.0,72.9,2.42,1652598383.0
605,bababe,,,,,,,,
606,kismayo,SO,-0.3582,42.5454,90.0,69.0,83.59,16.2,1652598531.0
607,port blair,IN,11.6667,92.75,75.0,89.0,82.44,10.36,1652598532.0
608,college,US,64.8569,-147.8028,40.0,64.0,44.92,9.22,1652598532.0
609,vadso,NO,70.0744,29.7487,99.0,70.0,50.88,9.22,1652598533.0
610,bafut,CM,6.0833,10.1,79.0,85.0,69.22,2.35,1652598533.0
611,iwanai,JP,42.9744,140.5089,1.0,59.0,55.83,12.93,1652598534.0
612,deh rawud,,,,,,,,
613,kaeo,NZ,-35.1,173.7833,22.0,86.0,61.32,6.91,1652598535.0
614,sansai,,,,,,,,
615,mwene-ditu,CD,-7.0,23.45,0.0,53.0,75.58,6.85,1652598535.0
616,yar-sale,RU,66.8333,70.8333,100.0,100.0,38.93,6.71,1652598536.0
617,ucluelet,CA,48.9329,-125.5528,100.0,92.0,49.08,9.71,1652598536.0
618,puri,IN,19.8,85.85,37.0,73.0,93.72,17.38,1652598537.0
619,puerto carreno,CO,6.189,-67.4859,98.0,87.0,76.84,2.98,1652598537.0
620,timaru,NZ,-44.4,171.25,100.0,97.0,51.08,2.44,1652598538.0
621,at-bashi,KG,41.1702,75.8106,100.0,79.0,48.72,3.33,1652598538.0
622,arcata,US,40.8665,-124.0828,100.0,76.0,57.2,0.0,1652598539.0
623,mikhaylovka,RU,50.06,43.2379,100.0,84.0,55.71,11.68,1652598539.0
624,aleksandrovsk-sakhalinskiy,RU,50.8975,142.1561,100.0,85.0,39.96,19.22,1652598540.0
625,taywarah,AF,33.35,64.4167,86.0,23.0,61.99,6.62,1652598540.0
626,ranong,TH,9.9658,98.6348,65.0,72.0,86.74,6.55,1652598541.0
627,yantal,RU,56.8471,105.2542,10.0,18.0,72.95,5.3,1652598541.0
628,san ramon,US,37.7799,-121.978,0.0,74.0,66.27,3.44,1652598542.0
629,tilichiki,RU,60.4667,166.1,100.0,99.0,33.85,1.88,1652598542.0
630,darnah,LY,32.767,22.6367,0.0,59.0,70.38,15.52,1652598543.0
631,nouadhibou,MR,20.931,-17.0347,100.0,75.0,68.4,18.63,1652598544.0
632,coatesville,US,39.9832,-75.8238,100.0,97.0,65.48,2.35,1652598417.0
633,nantucket,US,41.2835,-70.0995,100.0,98.0,60.94,5.75,1652598544.0
634,hastings,GB,50.8552,0.5729,100.0,82.0,60.3,12.55,1652598545.0
635,longview,US,32.5007,-94.7405,0.0,84.0,73.56,4.61,1652598534.0
